﻿<Backups xmlns="http://www.microsoft.com/GroupPolicy/GPOOperations/Manifest" xmlns:mfst="http://www.microsoft.com/GroupPolicy/GPOOperations/Manifest" mfst:version="1.0"><BackupInst><GPOGuid><![CDATA[{142E3B1E-47BF-49F6-A710-840BEE93DEE5}]]></GPOGuid><GPODomain><![CDATA[StarDC.ampm.com]]></GPODomain><GPODomainGuid><![CDATA[{f13444d1-9092-45aa-a32d-865ef7b88acf}]]></GPODomainGuid><GPODomainController><![CDATA[AMPM-1AB5F3F1C3.StarDC.ampm.com]]></GPODomainController><BackupTime><![CDATA[2022-08-16T13:25:12]]></BackupTime><ID><![CDATA[{C1D3C1A6-67FD-44D5-80CC-9AF6E88BAA33}]]></ID><Comment><![CDATA[]]></Comment><GPODisplayName><![CDATA[CyberArk Hardening - In Domain - PSM V1.9.0]]></GPODisplayName></BackupInst></Backups>