<?xml version="1.0" encoding="utf-8"?><!-- Copyright (c) Microsoft Corporation.  All rights reserved. --><GroupPolicyBackupScheme bkp:version="2.0" bkp:type="GroupPolicyBackupTemplate" xmlns:bkp="http://www.microsoft.com/GroupPolicy/GPOOperations" xmlns="http://www.microsoft.com/GroupPolicy/GPOOperations">
    <GroupPolicyObject><SecurityGroups></SecurityGroups><FilePaths/><GroupPolicyCoreSettings><ID><![CDATA[{142E3B1E-47BF-49F6-A710-840BEE93DEE5}]]></ID><Domain><![CDATA[CyberArk.com]]></Domain><SecurityDescriptor></SecurityDescriptor><DisplayName><![CDATA[CyberArk Hardening - In Domain - PSM V1.9.0]]></DisplayName><Options><![CDATA[1]]></Options><UserVersionNumber><![CDATA[65537]]></UserVersionNumber><MachineVersionNumber><![CDATA[2359332]]></MachineVersionNumber><MachineExtensionGuids><![CDATA[[{35378EAC-683F-11D2-A89A-00C04FBBCFA2}{0F6B957D-509E-11D1-A7CC-0000F87571E3}{B05566AC-FE9C-4368-BE01-7A4CBB6CBA11}{D02B1F72-3407-48AE-BA88-E8213C6761F1}][{827D319E-6EAC-11D2-A4EA-00C04F79F83A}{803E14A0-B4FB-11D0-A0D0-00A0C90F574B}][{F3CCC681-B74C-4060-9F26-CD84525DCA2A}{803E14A0-B4FB-11D0-A0D0-00A0C90F574B}]]]></MachineExtensionGuids><UserExtensionGuids/><WMIFilter/></GroupPolicyCoreSettings> 
        <GroupPolicyExtension bkp:ID="{35378EAC-683F-11D2-A89A-00C04FBBCFA2}" bkp:DescName="Registry">
            <FSObjectFile bkp:Path="%GPO_MACH_FSPATH%\registry.pol" bkp:SourceExpandedPath="\\AMPM-1AB5F3F1C3.StarDC.ampm.com\sysvol\StarDC.ampm.com\Policies\{142E3B1E-47BF-49F6-A710-840BEE93DEE5}\Machine\registry.pol" bkp:Location="DomainSysvol\GPO\Machine\registry.pol"/>
            
            <FSObjectFile bkp:Path="%GPO_FSPATH%\Adm\*.*" bkp:SourceExpandedPath="\\AMPM-1AB5F3F1C3.StarDC.ampm.com\sysvol\StarDC.ampm.com\Policies\{142E3B1E-47BF-49F6-A710-840BEE93DEE5}\Adm\*.*"><FSObjectFile bkp:Path="%GPO_FSPATH%\Adm\msedge.adm" bkp:SourceExpandedPath="\\AMPM-1AB5F3F1C3.StarDC.ampm.com\sysvol\StarDC.ampm.com\Policies\{142E3B1E-47BF-49F6-A710-840BEE93DEE5}\Adm\msedge.adm" bkp:Location="DomainSysvol\GPO\Adm\msedge.adm"/><FSObjectFile bkp:Path="%GPO_FSPATH%\Adm\chrome.adm" bkp:SourceExpandedPath="\\AMPM-1AB5F3F1C3.StarDC.ampm.com\sysvol\StarDC.ampm.com\Policies\{142E3B1E-47BF-49F6-A710-840BEE93DEE5}\Adm\chrome.adm" bkp:Location="DomainSysvol\GPO\Adm\chrome.adm"/></FSObjectFile>
        </GroupPolicyExtension>
        
        
        
        
        <GroupPolicyExtension bkp:ID="{827D319E-6EAC-11D2-A4EA-00C04F79F83A}" bkp:DescName="Security">
            <FSObjectFile bkp:Path="%GPO_MACH_FSPATH%\microsoft\windows nt\SecEdit\GptTmpl.inf" bkp:SourceExpandedPath="\\AMPM-1AB5F3F1C3.StarDC.ampm.com\sysvol\StarDC.ampm.com\Policies\{142E3B1E-47BF-49F6-A710-840BEE93DEE5}\Machine\microsoft\windows nt\SecEdit\GptTmpl.inf" bkp:ReEvaluateFunction="SecurityValidateSettings" bkp:Location="DomainSysvol\GPO\Machine\microsoft\windows nt\SecEdit\GptTmpl.inf"/>
        </GroupPolicyExtension>
        
        
        
        
    <GroupPolicyExtension bkp:ID="{F15C46CD-82A0-4C2D-A210-5D0D3182A418}" bkp:DescName="Unknown Extension"><FSObjectDir bkp:Path="%GPO_FSPATH%\Adm" bkp:SourceExpandedPath="\\AMPM-1AB5F3F1C3.StarDC.ampm.com\sysvol\StarDC.ampm.com\Policies\{142E3B1E-47BF-49F6-A710-840BEE93DEE5}\Adm" bkp:Location="DomainSysvol\GPO\Adm"/><FSObjectDir bkp:Path="%GPO_MACH_FSPATH%\Applications" bkp:SourceExpandedPath="\\AMPM-1AB5F3F1C3.StarDC.ampm.com\sysvol\StarDC.ampm.com\Policies\{142E3B1E-47BF-49F6-A710-840BEE93DEE5}\Machine\Applications" bkp:Location="DomainSysvol\GPO\Machine\Applications"/><FSObjectFile bkp:Path="%GPO_MACH_FSPATH%\comment.cmtx" bkp:SourceExpandedPath="\\AMPM-1AB5F3F1C3.StarDC.ampm.com\sysvol\StarDC.ampm.com\Policies\{142E3B1E-47BF-49F6-A710-840BEE93DEE5}\Machine\comment.cmtx" bkp:Location="DomainSysvol\GPO\Machine\comment.cmtx"/><FSObjectDir bkp:Path="%GPO_MACH_FSPATH%\microsoft" bkp:SourceExpandedPath="\\AMPM-1AB5F3F1C3.StarDC.ampm.com\sysvol\StarDC.ampm.com\Policies\{142E3B1E-47BF-49F6-A710-840BEE93DEE5}\Machine\microsoft" bkp:Location="DomainSysvol\GPO\Machine\microsoft"/><FSObjectDir bkp:Path="%GPO_MACH_FSPATH%\microsoft\windows nt" bkp:SourceExpandedPath="\\AMPM-1AB5F3F1C3.StarDC.ampm.com\sysvol\StarDC.ampm.com\Policies\{142E3B1E-47BF-49F6-A710-840BEE93DEE5}\Machine\microsoft\windows nt" bkp:Location="DomainSysvol\GPO\Machine\microsoft\windows nt"/><FSObjectDir bkp:Path="%GPO_MACH_FSPATH%\microsoft\windows nt\Audit" bkp:SourceExpandedPath="\\AMPM-1AB5F3F1C3.StarDC.ampm.com\sysvol\StarDC.ampm.com\Policies\{142E3B1E-47BF-49F6-A710-840BEE93DEE5}\Machine\microsoft\windows nt\Audit" bkp:Location="DomainSysvol\GPO\Machine\microsoft\windows nt\Audit"/><FSObjectFile bkp:Path="%GPO_MACH_FSPATH%\microsoft\windows nt\Audit\audit.csv" bkp:SourceExpandedPath="\\AMPM-1AB5F3F1C3.StarDC.ampm.com\sysvol\StarDC.ampm.com\Policies\{142E3B1E-47BF-49F6-A710-840BEE93DEE5}\Machine\microsoft\windows nt\Audit\audit.csv" bkp:Location="DomainSysvol\GPO\Machine\microsoft\windows nt\Audit\audit.csv"/><FSObjectDir bkp:Path="%GPO_MACH_FSPATH%\microsoft\windows nt\SecEdit" bkp:SourceExpandedPath="\\AMPM-1AB5F3F1C3.StarDC.ampm.com\sysvol\StarDC.ampm.com\Policies\{142E3B1E-47BF-49F6-A710-840BEE93DEE5}\Machine\microsoft\windows nt\SecEdit" bkp:Location="DomainSysvol\GPO\Machine\microsoft\windows nt\SecEdit"/><FSObjectDir bkp:Path="%GPO_MACH_FSPATH%\Scripts" bkp:SourceExpandedPath="\\AMPM-1AB5F3F1C3.StarDC.ampm.com\sysvol\StarDC.ampm.com\Policies\{142E3B1E-47BF-49F6-A710-840BEE93DEE5}\Machine\Scripts" bkp:Location="DomainSysvol\GPO\Machine\Scripts"/><FSObjectDir bkp:Path="%GPO_MACH_FSPATH%\Scripts\Shutdown" bkp:SourceExpandedPath="\\AMPM-1AB5F3F1C3.StarDC.ampm.com\sysvol\StarDC.ampm.com\Policies\{142E3B1E-47BF-49F6-A710-840BEE93DEE5}\Machine\Scripts\Shutdown" bkp:Location="DomainSysvol\GPO\Machine\Scripts\Shutdown"/><FSObjectDir bkp:Path="%GPO_MACH_FSPATH%\Scripts\Startup" bkp:SourceExpandedPath="\\AMPM-1AB5F3F1C3.StarDC.ampm.com\sysvol\StarDC.ampm.com\Policies\{142E3B1E-47BF-49F6-A710-840BEE93DEE5}\Machine\Scripts\Startup" bkp:Location="DomainSysvol\GPO\Machine\Scripts\Startup"/></GroupPolicyExtension></GroupPolicyObject>
</GroupPolicyBackupScheme>